Model,Mean Score,95% CI Lower,95% CI Upper
mistral/mistral-small-latest,0.9666666666666667,0.9333333333333333,1.0
qwen/qwen3.6-27b,0.9555555555555556,0.8666666666666667,1.0
groq/llama-4-scout-17b,0.8444444444444444,0.6666666666666666,1.0
qwen/qwen3-32b,0.7999999999999999,0.4666666666666666,1.0
groq/llama-3.3-70b-versatile,0.7555555555555555,0.6,0.9333333333333332
